posicao,quantidade_chaves
0,1
1,1
2,0
3,2
4,2
5,0
6,0
7,1
8,0
9,0
10,0
11,1
12,1
13,0
14,0
15,0
16,0
17,1
18,0
19,0
20,1
21,1
22,0
23,0
24,0
25,0
26,0
27,1
28,0
29,0
30,0
31,0
32,0
33,1
34,1
35,0
36,0
37,0
38,1
39,0
40,0
41,0
42,1
43,0
44,1
45,0
46,0
47,0
48,0
49,1
50,0
51,0
52,0
53,2
54,0
55,0
56,1
57,1
58,0
59,0
60,1
61,0
62,0
63,2
64,1
65,1
66,1
67,2
68,1
69,1
70,0
71,0
72,1
73,2
74,0
75,0
76,1
77,0
78,0
79,0
80,1
81,0
82,0
83,0
84,1
85,1
86,0
87,1
88,1
89,0
90,0
91,3
92,2
93,1
94,1
95,1
96,0
97,0
98,0
99,1
100,0
101,1
102,0
103,3
104,1
105,1
106,1
107,2
108,1
109,0
110,2
111,1
112,1
113,2
114,1
115,1
116,0
117,1
118,1
119,0
120,1
121,1
122,1
123,0
124,1
125,0
126,3
127,1
128,1
129,0
130,1
131,0
132,1
133,0
134,0
135,2
136,0
137,0
138,0
139,0
140,0
141,0
142,0
143,0
144,0
145,0
146,0
147,1
148,1
149,2
150,1
151,1
152,1
153,1
154,1
155,0
156,0
157,1
158,1
159,0
160,0
161,2
162,0
163,0
164,1
165,0
166,0
167,1
168,1
169,0
170,0
171,2
172,1
173,0
174,1
175,1
176,0
177,0
178,0
179,0
180,0
181,0
182,0
183,0
184,1
185,0
186,1
187,0
188,0
189,0
190,0
191,1
192,0
193,0
194,1
195,0
196,0
197,0
198,1
199,2
200,1
201,0
202,0
203,1
204,0
205,0
206,1
207,2
208,0
209,2
210,0
211,1
212,0
213,0
214,0
215,1
216,0
217,0
218,0
219,2
220,0
221,1
222,0
223,0
224,1
225,1
226,0
227,3
228,1
229,2
230,2
231,2
232,0
233,2
234,2
235,1
236,0
237,2
238,1
239,1
240,0
241,2
242,0
243,0
244,0
245,0
246,0
247,1
248,0
249,0
250,0
251,1
252,0
253,1
254,0
255,0
256,0
257,1
258,1
259,0
260,0
261,0
262,0
263,0
264,0
265,0
266,0
267,0
268,0
269,1
270,3
271,1
272,1
273,0
274,0
275,0
276,1
277,1
278,0
279,0
280,0
281,0
282,0
283,0
284,0
285,1
286,1
287,1
288,0
289,0
290,0
291,0
292,0
293,1
294,1
295,0
296,1
297,0
298,0
299,0
300,0
301,1
302,1
303,1
304,0
305,2
306,0
307,0
308,0
309,0
310,1
311,0
312,0
313,0
314,0
315,0
316,0
317,1
318,0
319,1
320,1
321,0
322,1
323,0
324,1
325,1
326,0
327,0
328,1
329,0
330,0
331,1
332,0
333,1
334,0
335,0
336,0
337,0
338,0
339,0
340,0
341,0
342,1
343,1
344,1
345,0
346,1
347,0
348,0
349,1
350,0
351,3
352,0
353,2
354,1
355,0
356,0
357,0
358,2
359,1
360,1
361,1
362,1
363,3
364,1
365,0
366,0
367,0
368,0
369,2
370,1
371,3
372,0
373,3
374,1
375,2
376,2
377,0
378,0
379,0
380,0
381,2
382,0
383,0
384,0
385,1
386,0
387,0
388,0
389,1
390,0
391,0
392,1
393,0
394,0
395,0
396,0
397,0
398,0
399,1
400,2
401,0
402,0
403,0
404,1
405,1
406,0
407,2
408,0
409,0
410,0
411,0
412,0
413,0
414,0
415,1
416,1
417,0
418,1
419,1
420,1
421,2
422,0
423,1
424,0
425,1
426,1
427,1
428,0
429,2
430,0
431,1
432,1
433,0
434,2
435,3
436,0
437,2
438,1
439,0
440,0
441,0
442,1
443,1
444,0
445,1
446,0
447,0
448,0
449,1
450,0
451,1
452,1
453,1
454,1
455,1
456,0
457,1
458,0
459,1
460,1
461,1
462,0
463,2
464,0
465,0
466,0
467,2
468,1
469,2
470,1
471,0
472,2
473,1
474,0
475,1
476,2
477,2
478,1
479,2
480,1
481,0
482,1
483,0
484,1
485,1
486,1
487,1
488,0
489,1
490,2
491,0
492,0
493,0
494,2
495,0
496,1
497,0
498,1
499,2
500,1
501,0
502,1
503,1
504,0
505,1
506,0
507,0
508,1
509,1
510,1
511,1
512,0
513,1
514,0
515,1
516,0
517,1
518,0
519,0
520,1
521,1
522,0
523,0
524,0
525,0
526,0
527,0
528,0
529,3
530,1
531,0
532,1
533,0
534,1
535,2
536,1
537,1
538,2
539,0
540,1
541,1
542,1
543,1
544,1
545,1
546,1
547,0
548,1
549,0
550,1
551,1
552,1
553,1
554,1
555,1
556,1
557,0
558,0
559,0
560,1
561,0
562,1
563,0
564,1
565,1
566,1
567,0
568,0
569,1
570,0
571,1
572,0
573,0
574,0
575,1
576,0
577,1
578,0
579,2
580,0
581,0
582,0
583,0
584,1
585,1
586,0
587,0
588,1
589,0
590,2
591,0
592,1
593,2
594,0
595,0
596,0
597,1
598,1
599,0
600,2
601,0
602,0
603,2
604,0
605,0
606,3
607,0
608,2
609,0
610,0
611,1
612,1
613,0
614,1
615,0
616,0
617,0
618,2
619,1
620,1
621,1
622,1
623,0
624,3
625,1
626,0
627,1
628,0
629,1
630,0
631,0
632,0
633,1
634,1
635,1
636,0
637,0
638,2
639,0
640,0
641,2
642,0
643,0
644,1
645,0
646,0
647,0
648,0
649,0
650,0
651,1
652,1
653,1
654,1
655,0
656,0
657,0
658,0
659,0
660,1
661,0
662,1
663,0
664,1
665,1
666,1
667,0
668,2
669,1
670,1
671,1
672,1
673,2
674,2
675,1
676,0
677,1
678,0
679,0
680,0
681,3
682,1
683,0
684,0
685,0
686,1
687,1
688,0
689,0
690,1
691,0
692,0
693,0
694,1
695,1
696,0
697,1
698,2
699,2
700,0
701,0
702,0
703,0
704,1
705,1
706,1
707,0
708,1
709,0
710,0
711,0
712,2
713,1
714,0
715,1
716,0
717,1
718,0
719,1
720,3
721,1
722,1
723,1
724,1
725,1
726,0
727,2
728,1
729,1
730,2
731,0
732,0
733,1
734,1
735,0
736,1
737,1
738,2
739,0
740,1
741,1
742,2
743,1
744,0
745,0
746,1
747,0
748,0
749,0
750,0
751,0
752,0
753,0
754,0
755,0
756,1
757,1
758,0
759,1
760,0
761,1
762,1
763,0
764,0
765,2
766,0
767,0
768,2
769,0
770,2
771,2
772,1
773,0
774,1
775,2
776,0
777,0
778,0
779,1
780,0
781,0
782,1
783,0
784,0
785,0
786,0
787,0
788,2
789,2
790,1
791,1
792,1
793,0
794,1
795,0
796,0
797,2
798,1
799,2
800,1
801,0
802,0
803,1
804,0
805,3
806,0
807,1
808,2
809,1
810,1
811,0
812,1
813,1
814,0
815,1
816,0
817,0
818,2
819,0
820,2
821,1
822,1
823,1
824,0
825,0
826,2
827,1
828,1
829,2
830,1
831,1
832,0
833,0
834,0
835,2
836,0
837,1
838,1
839,1
840,0
841,0
842,2
843,1
844,0
845,1
846,3
847,1
848,2
849,0
850,0
851,2
852,0
853,1
854,2
855,1
856,0
857,0
858,2
859,1
860,0
861,1
862,0
863,0
864,0
865,1
866,1
867,0
868,0
869,0
870,0
871,2
872,0
873,1
874,0
875,1
876,1
877,0
878,0
879,2
880,2
881,0
882,0
883,1
884,1
885,1
886,1
887,1
888,0
889,1
890,0
891,2
892,0
893,0
894,0
895,0
896,2
897,2
898,0
899,1
900,0
901,0
902,0
903,0
904,1
905,0
906,0
907,1
908,2
909,0
910,0
911,0
912,0
913,0
914,1
915,4
916,0
917,0
918,0
919,0
920,0
921,0
922,1
923,2
924,0
925,2
926,1
927,1
928,1
929,1
930,0
931,2
932,3
933,0
934,0
935,0
936,0
937,2
938,2
939,0
940,0
941,1
942,1
943,0
944,0
945,0
946,1
947,1
948,0
949,0
950,2
951,0
952,0
953,3
954,1
955,0
956,1
957,0
958,1
959,1
960,1
961,0
962,1
963,0
964,2
965,2
966,0
967,1
968,0
969,0
970,0
971,0
972,0
973,0
974,1
975,2
976,0
977,0
978,1
979,0
980,1
981,0
982,1
983,0
984,0
985,2
986,0
987,1
988,2
989,1
990,1
991,1
992,0
993,0
994,1
995,0
996,2
997,0
998,1
999,0
1000,2
1001,3
1002,1
1003,0
1004,2
1005,0
1006,0
1007,0
1008,0
1009,0
1010,2
1011,0
1012,1
1013,1
1014,0
1015,0
1016,0
1017,4
1018,0
1019,1
1020,0
1021,1
1022,0
1023,0
1024,1
1025,2
1026,0
1027,1
1028,0
1029,0
1030,0
1031,0
1032,0
1033,0
1034,0
1035,1
1036,0
1037,0
1038,0
1039,0
1040,0
1041,1
1042,1
1043,1
1044,0
1045,0
1046,0
1047,0
1048,0
1049,0
1050,1
1051,0
1052,2
1053,0
1054,1
1055,0
1056,1
1057,0
1058,2
1059,0
1060,0
1061,0
1062,1
1063,0
1064,1
1065,0
1066,0
1067,1
1068,0
1069,1
1070,0
1071,0
1072,0
1073,0
1074,0
1075,1
1076,0
1077,2
1078,0
1079,0
1080,1
1081,2
1082,0
1083,1
1084,0
1085,1
1086,1
1087,0
1088,1
1089,0
1090,0
1091,1
1092,0
1093,1
1094,1
1095,0
1096,2
1097,0
1098,0
1099,1
1100,2
1101,1
1102,1
1103,0
1104,1
1105,0
1106,0
1107,1
1108,0
1109,0
1110,2
1111,1
1112,2
1113,0
1114,0
1115,2
1116,0
1117,1
1118,0
1119,1
1120,0
1121,0
1122,0
1123,1
1124,1
1125,2
1126,1
1127,0
1128,1
1129,0
1130,1
1131,0
1132,0
1133,1
1134,2
1135,0
1136,1
1137,0
1138,0
1139,0
1140,0
1141,0
1142,0
1143,1
1144,0
1145,1
1146,0
1147,0
1148,2
1149,0
1150,1
1151,1
1152,0
1153,0
1154,1
1155,0
1156,1
1157,0
1158,0
1159,0
1160,0
1161,1
1162,1
1163,0
1164,1
1165,0
1166,0
1167,0
1168,1
1169,0
1170,0
1171,0
1172,0
1173,1
1174,0
1175,0
1176,0
1177,0
1178,0
1179,0
1180,0
1181,0
1182,0
1183,0
1184,1
1185,1
1186,0
1187,1
1188,1
1189,1
1190,0
1191,0
1192,0
1193,0
1194,0
1195,2
1196,1
1197,1
1198,1
1199,0
1200,1
1201,0
1202,0
1203,0
1204,0
1205,2
1206,0
1207,1
1208,2
1209,0
1210,0
1211,2
1212,2
1213,0
1214,0
1215,1
1216,1
1217,0
1218,1
1219,2
1220,1
1221,1
1222,1
1223,0
1224,1
1225,0
1226,0
1227,2
1228,3
1229,1
1230,1
1231,1
1232,0
1233,0
1234,2
1235,0
1236,1
1237,0
1238,1
1239,2
1240,0
1241,3
1242,1
1243,0
1244,0
1245,0
1246,0
1247,0
1248,1
1249,0
1250,1
1251,0
1252,2
1253,0
1254,0
1255,0
1256,1
1257,0
1258,1
1259,1
1260,0
1261,0
1262,1
1263,1
1264,2
1265,0
1266,0
1267,1
1268,1
1269,0
1270,1
1271,0
1272,0
1273,0
1274,0
1275,0
1276,0
1277,0
1278,1
1279,0
1280,0
1281,1
1282,0
1283,0
1284,0
1285,0
1286,1
1287,0
1288,1
1289,1
1290,0
1291,0
1292,0
1293,0
1294,1
1295,0
1296,0
1297,2
1298,1
1299,0
1300,1
1301,1
1302,1
1303,1
1304,0
1305,0
1306,0
1307,1
1308,0
1309,1
1310,1
1311,2
1312,0
1313,0
1314,0
1315,0
1316,3
1317,2
1318,2
1319,2
1320,0
1321,1
1322,2
1323,1
1324,0
1325,0
1326,0
1327,0
1328,1
1329,0
1330,0
1331,0
1332,2
1333,0
1334,0
1335,0
1336,0
1337,2
1338,0
1339,3
1340,1
1341,0
1342,1
1343,1
1344,0
1345,1
1346,1
1347,0
1348,0
1349,0
1350,0
1351,0
1352,2
1353,2
1354,1
1355,3
1356,2
1357,0
1358,1
1359,0
1360,2
1361,1
1362,1
1363,1
1364,4
1365,0
1366,1
1367,0
1368,0
1369,0
1370,0
1371,1
1372,1
1373,0
1374,1
1375,0
1376,0
1377,1
1378,0
1379,0
1380,2
1381,0
1382,1
1383,1
1384,1
1385,0
1386,1
1387,0
1388,0
1389,0
1390,1
1391,1
1392,0
1393,0
1394,1
1395,0
1396,0
1397,0
1398,1
1399,0
1400,1
1401,0
1402,1
1403,0
1404,1
1405,0
1406,0
1407,0
1408,0
1409,0
1410,0
1411,1
1412,0
1413,0
1414,0
1415,0
1416,1
1417,0
1418,0
1419,1
1420,1
1421,1
1422,0
1423,1
1424,2
1425,0
1426,1
1427,1
1428,0
1429,0
1430,1
1431,1
1432,0
1433,0
1434,0
1435,1
1436,1
1437,0
1438,0
1439,0
1440,1
1441,1
1442,0
1443,1
1444,1
1445,3
1446,2
1447,0
1448,2
1449,0
1450,0
1451,0
1452,0
1453,1
1454,0
1455,0
1456,0
1457,0
1458,0
1459,0
1460,0
1461,0
1462,0
1463,0
1464,2
1465,0
1466,1
1467,0
1468,2
1469,1
1470,1
1471,0
1472,1
1473,2
1474,0
1475,0
1476,1
1477,0
1478,2
1479,0
1480,2
1481,0
1482,1
1483,2
1484,0
1485,2
1486,3
1487,1
1488,2
1489,1
1490,0
1491,0
1492,2
1493,2
1494,1
1495,0
1496,2
1497,1
1498,0
1499,1
1500,0
1501,0
1502,4
1503,0
1504,0
1505,1
1506,1
1507,1
1508,1
1509,1
1510,0
1511,0
1512,2
1513,2
1514,0
1515,1
1516,0
1517,0
1518,1
1519,1
1520,1
1521,1
1522,1
1523,1
1524,0
1525,1
1526,4
1527,1
1528,0
1529,0
1530,0
1531,0
1532,0
1533,0
1534,1
1535,0
1536,0
1537,0
1538,1
1539,0
1540,0
1541,1
1542,2
1543,0
1544,1
1545,0
1546,1
1547,1
1548,0
1549,1
1550,1
1551,0
1552,0
1553,0
1554,2
1555,0
1556,0
1557,0
1558,2
1559,1
1560,0
1561,0
1562,2
1563,1
1564,3
1565,0
1566,1
1567,2
1568,2
1569,1
1570,1
1571,0
1572,2
1573,1
1574,0
1575,0
1576,1
1577,1
1578,0
1579,1
1580,0
1581,0
1582,0
1583,0
1584,1
1585,0
1586,0
1587,1
1588,0
1589,1
1590,0
1591,0
1592,0
1593,0
1594,0
1595,2
1596,0
1597,0
1598,0
1599,1
1600,1
1601,1
1602,2
1603,0
1604,2
1605,0
1606,1
1607,3
1608,0
1609,0
1610,0
1611,1
1612,1
1613,1
1614,1
1615,1
1616,2
1617,0
1618,0
1619,0
1620,1
1621,2
1622,3
1623,3
1624,1
1625,1
1626,0
1627,0
1628,0
1629,2
1630,0
1631,0
1632,1
1633,1
1634,0
1635,0
1636,1
1637,1
1638,0
1639,1
1640,2
1641,0
1642,2
1643,1
1644,1
1645,0
1646,2
1647,0
1648,1
1649,1
1650,1
1651,0
1652,1
1653,0
1654,0
1655,0
1656,0
1657,0
1658,1
1659,0
1660,1
1661,0
1662,1
1663,0
1664,0
1665,1
1666,1
1667,0
1668,1
1669,0
1670,2
1671,2
1672,0
1673,0
1674,2
1675,0
1676,1
1677,0
1678,2
1679,0
1680,0
1681,0
1682,1
1683,1
1684,0
1685,1
1686,0
1687,3
1688,2
1689,1
1690,0
1691,0
1692,0
1693,0
1694,3
1695,0
1696,0
1697,0
1698,0
1699,2
1700,2
1701,0
1702,0
1703,0
1704,0
1705,0
1706,1
1707,1
1708,1
1709,0
1710,2
1711,1
1712,2
1713,1
1714,1
1715,1
1716,2
1717,2
1718,1
1719,0
1720,0
1721,0
1722,0
1723,0
1724,1
1725,0
1726,1
1727,1
1728,0
1729,0
1730,0
1731,0
1732,0
1733,0
1734,0
1735,1
1736,0
1737,1
1738,0
1739,0
1740,1
1741,0
1742,2
1743,0
1744,1
1745,1
1746,1
1747,0
1748,0
1749,2
1750,1
1751,1
1752,1
1753,2
1754,1
1755,0
1756,0
1757,0
1758,1
1759,3
1760,0
1761,0
1762,2
1763,1
1764,2
1765,0
1766,0
1767,1
1768,0
1769,0
1770,1
1771,0
1772,0
1773,1
1774,0
1775,2
1776,0
1777,1
1778,0
1779,0
1780,1
1781,0
1782,1
1783,2
1784,0
1785,0
1786,1
1787,0
1788,3
1789,3
1790,2
1791,1
1792,1
1793,0
1794,0
1795,0
1796,0
1797,0
1798,2
1799,1
1800,1
1801,0
1802,0
1803,0
1804,2
1805,2
1806,0
1807,0
1808,1
1809,0
1810,1
1811,0
1812,1
1813,0
1814,2
1815,1
1816,1
1817,1
1818,1
1819,0
1820,0
1821,0
1822,0
1823,1
1824,1
1825,3
1826,1
1827,0
1828,1
1829,0
1830,0
1831,1
1832,1
1833,1
1834,1
1835,0
1836,1
1837,0
1838,1
1839,0
1840,0
1841,0
1842,0
1843,0
1844,1
1845,0
1846,0
1847,0
1848,0
1849,0
1850,0
1851,1
1852,1
1853,2
1854,1
1855,3
1856,3
1857,0
1858,0
1859,1
1860,1
1861,0
1862,1
1863,0
1864,0
1865,0
1866,0
1867,1
1868,0
1869,0
1870,0
1871,1
1872,0
1873,1
1874,0
1875,0
1876,1
1877,0
1878,1
1879,0
1880,0
1881,0
1882,0
1883,1
1884,0
1885,0
1886,2
1887,1
1888,0
1889,1
1890,0
1891,1
1892,1
1893,1
1894,0
1895,0
1896,1
1897,1
1898,0
1899,0
1900,0
1901,0
1902,2
1903,0
1904,0
1905,1
1906,0
1907,0
1908,2
1909,1
1910,2
1911,0
1912,0
1913,1
1914,1
1915,0
1916,0
1917,1
1918,1
1919,1
1920,0
1921,0
1922,0
1923,1
1924,0
1925,0
1926,3
1927,0
1928,1
1929,1
1930,0
1931,1
1932,1
1933,0
1934,3
1935,0
1936,1
1937,1
1938,0
1939,3
1940,0
1941,1
1942,1
1943,0
1944,0
1945,0
1946,0
1947,0
1948,0
1949,0
1950,0
1951,0
1952,3
1953,1
1954,0
1955,1
1956,1
1957,0
1958,0
1959,1
1960,1
1961,1
1962,0
1963,1
1964,0
1965,0
1966,0
1967,0
1968,0
1969,0
1970,1
1971,0
1972,0
1973,1
1974,1
1975,0
1976,0
1977,0
1978,0
1979,3
1980,1
1981,0
1982,0
1983,0
1984,0
1985,0
1986,0
1987,0
1988,1
1989,0
1990,0
1991,1
1992,0
1993,0
1994,0
1995,1
1996,0
1997,1
1998,1
1999,0
2000,1
2001,0
2002,0
2003,0
2004,0
2005,3
2006,0
2007,2
2008,2
2009,0
2010,0
2011,0
2012,1
2013,2
2014,0
2015,0
2016,1
2017,0
2018,0
2019,1
2020,0
2021,0
2022,0
2023,1
2024,0
2025,0
2026,0
2027,0
2028,1
2029,0
2030,1
2031,2
2032,0
2033,0
2034,1
2035,0
2036,0
2037,1
2038,0
2039,1
2040,0
2041,1
2042,0
2043,0
2044,1
2045,0
2046,1
2047,2
2048,0
2049,1
2050,1
2051,0
2052,0
2053,3
2054,0
2055,3
2056,0
2057,1
2058,0
2059,0
2060,0
2061,1
2062,1
2063,2
2064,2
2065,0
2066,0
2067,0
2068,0
2069,1
2070,1
2071,0
2072,0
2073,0
2074,0
2075,1
2076,1
2077,2
2078,1
2079,1
2080,0
2081,1
2082,0
2083,0
2084,1
2085,0
2086,2
2087,0
2088,0
2089,0
2090,0
2091,1
2092,0
2093,1
2094,0
2095,0
2096,1
2097,2
2098,0
2099,2
2100,0
2101,0
2102,1
2103,1
2104,1
2105,0
2106,0
2107,0
2108,0
2109,1
2110,1
2111,0
2112,0
2113,1
2114,0
2115,2
2116,1
2117,1
2118,1
2119,1
2120,2
2121,0
2122,1
2123,1
2124,1
2125,2
2126,1
2127,0
2128,0
2129,0
2130,0
2131,3
2132,0
2133,1
2134,1
2135,2
2136,1
2137,0
2138,2
2139,1
2140,0
2141,1
2142,1
2143,0
2144,0
2145,1
2146,0
2147,1
2148,0
2149,1
2150,1
2151,1
2152,0
2153,0
2154,1
2155,0
2156,0
2157,1
2158,0
2159,0
2160,0
2161,0
2162,1
2163,2
2164,1
2165,0
2166,0
2167,1
2168,0
2169,0
2170,0
2171,1
2172,0
2173,0
2174,1
2175,1
2176,1
2177,0
2178,0
2179,2
2180,0
2181,2
2182,0
2183,1
2184,0
2185,2
2186,0
2187,0
2188,2
2189,1
2190,1
2191,0
2192,0
2193,0
2194,0
2195,0
2196,1
2197,1
2198,0
2199,0
2200,0
2201,0
2202,2
2203,0
2204,0
2205,0
2206,0
2207,0
2208,0
2209,0
2210,0
2211,0
2212,1
2213,0
2214,1
2215,0
2216,2
2217,1
2218,1
2219,0
2220,0
2221,0
2222,0
2223,0
2224,1
2225,0
2226,1
2227,0
2228,1
2229,0
2230,1
2231,1
2232,0
2233,2
2234,2
2235,0
2236,1
2237,1
2238,0
2239,1
2240,0
2241,0
2242,0
2243,0
2244,0
2245,1
2246,0
2247,1
2248,0
2249,2
2250,0
2251,1
2252,0
2253,2
2254,0
2255,1
2256,1
2257,1
2258,0
2259,2
2260,1
2261,1
2262,0
2263,0
2264,1
2265,0
2266,1
2267,0
2268,0
2269,1
2270,0
2271,0
2272,0
2273,1
2274,0
2275,1
2276,0
2277,0
2278,0
2279,1
2280,0
2281,0
2282,0
2283,0
2284,1
2285,0
2286,0
2287,1
2288,1
2289,0
2290,0
2291,0
2292,1
2293,1
2294,2
2295,0
2296,2
2297,0
2298,1
2299,1
2300,0
2301,1
2302,1
2303,0
2304,1
2305,0
2306,2
2307,0
2308,1
2309,0
2310,0
2311,0
2312,0
2313,0
2314,1
2315,0
2316,0
2317,0
2318,0
2319,1
2320,1
2321,1
2322,1
2323,2
2324,1
2325,0
2326,2
2327,0
2328,1
2329,0
2330,2
2331,0
2332,0
2333,0
2334,2
2335,0
2336,0
2337,1
2338,0
2339,0
2340,1
2341,2
2342,0
2343,0
2344,1
2345,0
2346,2
2347,0
2348,0
2349,0
2350,1
2351,2
2352,0
2353,1
2354,1
2355,0
2356,1
2357,3
2358,1
2359,0
2360,1
2361,0
2362,1
2363,0
2364,1
2365,0
2366,0
2367,1
2368,1
2369,0
2370,0
2371,1
2372,1
2373,0
2374,2
2375,0
2376,1
2377,0
2378,2
2379,1
2380,1
2381,1
2382,1
2383,1
2384,1
2385,0
2386,2
2387,0
2388,1
2389,1
2390,2
2391,0
2392,1
2393,1
2394,0
2395,1
2396,0
2397,1
2398,1
2399,1
2400,3
2401,0
2402,3
2403,1
2404,1
2405,0
2406,1
2407,0
2408,0
2409,1
2410,1
2411,3
2412,1
2413,0
2414,0
2415,2
2416,0
2417,1
2418,1
2419,1
2420,1
2421,0
2422,1
2423,1
2424,1
2425,0
2426,1
2427,1
2428,1
2429,1
2430,1
2431,0
2432,1
2433,0
2434,1
2435,0
2436,1
2437,0
2438,1
2439,1
2440,1
2441,0
2442,0
2443,2
2444,1
2445,0
2446,0
2447,1
2448,0
2449,0
2450,0
2451,0
2452,0
2453,1
2454,2
2455,0
2456,0
2457,0
2458,0
2459,1
2460,1
2461,0
2462,1
2463,1
2464,0
2465,0
2466,0
2467,0
2468,0
2469,1
2470,3
2471,1
2472,1
2473,0
2474,1
2475,0
2476,1
2477,0
2478,2
2479,0
2480,0
2481,1
2482,0
2483,0
2484,0
2485,0
2486,1
2487,1
2488,2
2489,0
2490,0
2491,1
2492,0
2493,1
2494,1
2495,0
2496,1
2497,0
2498,0
2499,1
2500,0
2501,3
2502,2
2503,2
2504,1
2505,0
2506,0
2507,3
2508,0
2509,1
2510,0
2511,0
2512,1
2513,0
2514,0
2515,1
2516,2
2517,0
2518,1
2519,0
2520,1
2521,2
2522,1
2523,0
2524,1
2525,1
2526,1
2527,0
2528,0
2529,1
2530,0
2531,1
2532,0
2533,1
2534,0
2535,0
2536,1
2537,2
2538,4
2539,2
2540,1
2541,0
2542,1
2543,0
2544,2
2545,2
2546,2
2547,0
2548,0
2549,0
2550,1
2551,0
2552,2
2553,0
2554,3
2555,0
2556,0
2557,0
2558,1
2559,0
2560,0
2561,1
2562,2
2563,0
2564,1
2565,0
2566,0
2567,0
2568,0
2569,1
2570,1
2571,0
2572,1
2573,0
2574,1
2575,0
2576,0
2577,0
2578,0
2579,0
2580,0
2581,0
2582,0
2583,0
2584,0
2585,0
2586,2
2587,0
2588,1
2589,1
2590,1
2591,1
2592,0
2593,1
2594,0
2595,0
2596,1
2597,1
2598,0
2599,1
2600,0
2601,0
2602,0
2603,1
2604,0
2605,0
2606,1
2607,1
2608,0
2609,0
2610,0
2611,1
2612,0
2613,0
2614,0
2615,1
2616,1
2617,0
2618,0
2619,1
2620,0
2621,0
2622,0
2623,0
2624,0
2625,0
2626,0
2627,3
2628,1
2629,2
2630,1
2631,1
2632,1
2633,2
2634,0
2635,0
2636,1
2637,2
2638,0
2639,1
2640,1
2641,0
2642,0
2643,1
2644,2
2645,1
2646,0
2647,0
2648,0
2649,1
2650,0
2651,1
2652,1
2653,0
2654,0
2655,0
2656,0
2657,0
2658,1
2659,0
2660,1
2661,0
2662,0
2663,0
2664,0
2665,2
2666,2
2667,0
2668,2
2669,1
2670,0
2671,0
2672,1
2673,0
2674,0
2675,0
2676,0
2677,0
2678,0
2679,0
2680,1
2681,0
2682,0
2683,2
2684,0
2685,1
2686,1
2687,0
2688,1
2689,1
2690,0
2691,0
2692,0
2693,1
2694,1
2695,2
2696,2
2697,0
2698,0
2699,0
2700,0
2701,0
2702,1
2703,0
2704,3
2705,1
2706,0
2707,0
2708,0
2709,0
2710,0
2711,0
2712,0
2713,0
2714,0
2715,1
2716,0
2717,0
2718,0
2719,0
2720,1
2721,1
2722,1
2723,0
2724,0
2725,1
2726,1
2727,1
2728,0
2729,1
2730,1
2731,1
2732,2
2733,2
2734,0
2735,0
2736,1
2737,0
2738,0
2739,0
2740,1
2741,1
2742,0
2743,0
2744,0
2745,0
2746,1
2747,0
2748,0
2749,0
2750,0
2751,0
2752,0
2753,0
2754,0
2755,0
2756,1
2757,0
2758,1
2759,0
2760,1
2761,0
2762,1
2763,0
2764,0
2765,0
2766,0
2767,0
2768,0
2769,0
2770,2
2771,0
2772,1
2773,0
2774,1
2775,1
2776,0
2777,1
2778,1
2779,4
2780,1
2781,1
2782,0
2783,1
2784,1
2785,1
2786,1
2787,0
2788,1
2789,1
2790,0
2791,0
2792,0
2793,1
2794,1
2795,0
2796,3
2797,0
2798,0
2799,1
2800,1
2801,1
2802,2
2803,1
2804,0
2805,0
2806,3
2807,1
2808,0
2809,0
2810,1
2811,0
2812,1
2813,1
2814,2
2815,1
2816,2
2817,2
2818,1
2819,0
2820,1
2821,0
2822,1
2823,0
2824,0
2825,0
2826,1
2827,1
2828,0
2829,1
2830,0
2831,1
2832,0
2833,1
2834,0
2835,0
2836,0
2837,1
2838,1
2839,0
2840,0
2841,1
2842,1
2843,1
2844,1
2845,0
2846,1
2847,0
2848,1
2849,1
2850,1
2851,1
2852,1
2853,0
2854,1
2855,0
2856,1
2857,2
2858,0
2859,0
2860,3
2861,0
2862,0
2863,0
2864,2
2865,0
2866,2
2867,0
2868,0
2869,0
2870,1
2871,0
2872,0
2873,0
2874,0
2875,1
2876,1
2877,0
2878,1
2879,0
2880,1
2881,0
2882,1
2883,0
2884,0
2885,1
2886,1
2887,1
2888,0
2889,1
2890,1
2891,0
2892,0
2893,0
2894,0
2895,2
2896,0
2897,1
2898,0
2899,1
2900,1
2901,1
2902,3
2903,1
2904,0
2905,1
2906,1
2907,0
2908,1
2909,0
2910,0
2911,0
2912,0
2913,0
2914,0
2915,0
2916,3
2917,0
2918,1
2919,0
2920,0
2921,0
2922,1
2923,0
2924,0
2925,1
2926,1
2927,1
2928,0
2929,0
2930,1
2931,0
2932,0
2933,0
2934,0
2935,1
2936,0
2937,1
2938,0
2939,0
2940,0
2941,1
2942,1
2943,0
2944,0
2945,0
2946,0
2947,1
2948,1
2949,0
2950,1
2951,1
2952,0
2953,0
2954,0
2955,0
2956,1
2957,1
2958,0
2959,0
2960,2
2961,1
2962,1
2963,0
2964,0
2965,1
2966,1
2967,0
2968,0
2969,0
2970,2
2971,0
2972,0
2973,3
2974,0
2975,1
2976,1
2977,0
2978,0
2979,0
2980,0
2981,2
2982,1
2983,0
2984,3
2985,0
2986,1
2987,1
2988,3
2989,1
2990,1
2991,0
2992,0
2993,0
2994,1
2995,1
2996,1
2997,1
2998,2
2999,1
3000,0
3001,0
3002,0
3003,0
3004,1
3005,0
3006,0
3007,0
3008,1
3009,0
3010,0
3011,1
3012,2
3013,3
3014,0
3015,1
3016,0
3017,0
3018,0
3019,0
3020,1
3021,1
3022,0
3023,1
3024,0
3025,0
3026,1
3027,0
3028,0
3029,0
3030,0
3031,1
3032,1
3033,1
3034,0
3035,0
3036,0
3037,1
3038,1
3039,1
3040,1
3041,2
3042,0
3043,0
3044,2
3045,0
3046,1
3047,1
3048,1
3049,0
3050,0
3051,0
3052,0
3053,2
3054,0
3055,1
3056,1
3057,0
3058,1
3059,1
3060,0
3061,0
3062,1
3063,1
3064,1
3065,0
3066,0
3067,1
3068,1
3069,0
3070,0
3071,1
3072,0
3073,2
3074,2
3075,0
3076,0
3077,0
3078,1
3079,0
3080,0
3081,1
3082,0
3083,0
3084,2
3085,0
3086,1
3087,0
3088,0
3089,0
3090,1
3091,0
3092,0
3093,0
3094,2
3095,0
3096,2
3097,1
3098,1
3099,1
3100,0
3101,0
3102,0
3103,1
3104,1
3105,0
3106,1
3107,0
3108,0
3109,1
3110,0
3111,0
3112,0
3113,0
3114,1
3115,0
3116,0
3117,1
3118,0
3119,0
3120,0
3121,0
3122,1
3123,1
3124,2
3125,0
3126,1
3127,1
3128,3
3129,0
3130,0
3131,0
3132,1
3133,0
3134,1
3135,0
3136,0
3137,0
3138,0
3139,0
3140,0
3141,1
3142,0
3143,0
3144,1
3145,2
3146,0
3147,2
3148,0
3149,2
3150,0
3151,0
3152,0
3153,2
3154,0
3155,1
3156,2
3157,0
3158,0
3159,1
3160,2
3161,1
3162,0
3163,0
3164,0
3165,0
3166,0
3167,2
3168,0
3169,0
3170,3
3171,1
3172,1
3173,1
3174,1
3175,3
3176,1
3177,0
3178,1
3179,0
3180,0
3181,1
3182,0
3183,0
3184,1
3185,0
3186,1
3187,0
3188,1
3189,0
3190,0
3191,0
3192,2
3193,0
3194,0
3195,0
3196,0
3197,1
3198,1
3199,0
3200,0
3201,0
3202,0
3203,0
3204,2
3205,0
3206,0
3207,2
3208,0
3209,0
3210,0
3211,1
3212,1
3213,0
3214,0
3215,0
3216,0
3217,0
3218,1
3219,1
3220,0
3221,0
3222,1
3223,0
3224,0
3225,0
3226,0
3227,1
3228,1
3229,0
3230,0
3231,2
3232,0
3233,0
3234,0
3235,0
3236,1
3237,0
3238,0
3239,1
3240,2
3241,0
3242,1
3243,2
3244,1
3245,0
3246,0
3247,0
3248,0
3249,0
3250,0
3251,0
3252,0
3253,0
3254,0
3255,0
3256,0
3257,0
3258,0
3259,0
3260,1
3261,0
3262,0
3263,0
3264,0
3265,0
3266,1
3267,1
3268,0
3269,1
3270,1
3271,1
3272,0
3273,2
3274,2
3275,1
3276,0
3277,0
3278,2
3279,1
3280,2
3281,2
3282,1
3283,1
3284,0
3285,0
3286,0
3287,2
3288,3
3289,0
3290,1
3291,0
3292,0
3293,0
3294,1
3295,0
3296,0
3297,0
3298,1
3299,2
3300,0
3301,0
3302,1
3303,0
3304,0
3305,1
3306,0
3307,0
3308,1
3309,1
3310,0
3311,1
3312,0
3313,1
3314,1
3315,2
3316,1
3317,0
3318,0
3319,0
3320,1
3321,0
3322,1
3323,0
3324,0
3325,1
3326,1
3327,0
3328,1
3329,1
3330,0
3331,0
3332,0
3333,0
3334,1
3335,2
3336,0
3337,1
3338,1
3339,0
3340,2
3341,0
3342,2
3343,0
3344,0
3345,2
3346,1
3347,0
3348,2
3349,1
3350,0
3351,0
3352,0
3353,1
3354,0
3355,1
3356,0
3357,2
3358,1
3359,0
3360,1
3361,2
3362,0
3363,1
3364,1
3365,2
3366,0
3367,1
3368,0
3369,0
3370,1
3371,2
3372,1
3373,1
3374,3
3375,1
3376,1
3377,0
3378,0
3379,1
3380,1
3381,0
3382,0
3383,0
3384,1
3385,1
3386,0
3387,0
3388,1
3389,1
3390,0
3391,0
3392,0
3393,0
3394,1
3395,2
3396,1
3397,0
3398,1
3399,0
3400,1
3401,1
3402,0
3403,0
3404,0
3405,1
3406,1
3407,0
3408,0
3409,1
3410,1
3411,0
3412,1
3413,0
3414,0
3415,0
3416,1
3417,0
3418,1
3419,0
3420,1
3421,0
3422,0
3423,0
3424,0
3425,0
3426,1
3427,1
3428,0
3429,0
3430,2
3431,0
3432,0
3433,2
3434,1
3435,0
3436,1
3437,0
3438,1
3439,2
3440,0
3441,0
3442,0
3443,0
3444,1
3445,1
3446,1
3447,1
3448,1
3449,0
3450,1
3451,1
3452,2
3453,0
3454,0
3455,0
3456,0
3457,0
3458,0
3459,1
3460,0
3461,0
3462,1
3463,1
3464,0
3465,2
3466,0
3467,2
3468,1
3469,2
3470,1
3471,0
3472,4
3473,1
3474,1
3475,0
3476,3
3477,0
3478,0
3479,0
3480,1
3481,0
3482,0
3483,1
3484,0
3485,0
3486,0
3487,1
3488,2
3489,1
3490,3
3491,0
3492,4
3493,1
3494,1
3495,2
3496,1
3497,0
3498,1
3499,1
3500,2
3501,1
3502,0
3503,0
3504,0
3505,0
3506,3
3507,0
3508,2
3509,0
3510,1
3511,0
3512,0
3513,0
3514,0
3515,2
3516,1
3517,0
3518,2
3519,0
3520,0
3521,0
3522,0
3523,1
3524,1
3525,0
3526,1
3527,0
3528,2
3529,1
3530,2
3531,2
3532,0
3533,0
3534,1
3535,0
3536,0
3537,0
3538,1
3539,1
3540,2
3541,0
3542,0
3543,0
3544,0
3545,0
3546,2
3547,3
3548,0
3549,0
3550,2
3551,0
3552,0
3553,0
3554,0
3555,0
3556,0
3557,1
3558,1
3559,1
3560,0
3561,0
3562,1
3563,1
3564,2
3565,2
3566,1
3567,1
3568,0
3569,1
3570,0
3571,1
3572,0
3573,1
3574,0
3575,0
3576,1
3577,0
3578,1
3579,0
3580,1
3581,0
3582,0
3583,3
3584,2
3585,0
3586,1
3587,0
3588,0
3589,0
3590,1
3591,1
3592,1
3593,0
3594,1
3595,0
3596,1
3597,0
3598,0
3599,1
3600,0
3601,2
3602,1
3603,2
3604,0
3605,0
3606,2
3607,1
3608,0
3609,1
3610,1
3611,0
3612,1
3613,1
3614,1
3615,0
3616,1
3617,0
3618,0
3619,0
3620,3
3621,2
3622,1
3623,3
3624,1
3625,0
3626,1
3627,1
3628,0
3629,0
3630,3
3631,2
3632,1
3633,1
3634,0
3635,0
3636,2
3637,0
3638,0
3639,1
3640,0
3641,0
3642,0
3643,0
3644,0
3645,1
3646,0
3647,0
3648,1
3649,0
3650,0
3651,0
3652,0
3653,1
3654,0
3655,2
3656,0
3657,0
3658,1
3659,0
3660,0
3661,0
3662,0
3663,1
3664,0
3665,0
3666,1
3667,0
3668,0
3669,1
3670,1
3671,0
3672,0
3673,0
3674,1
3675,0
3676,1
3677,1
3678,0
3679,2
3680,0
3681,1
3682,2
3683,1
3684,0
3685,1
3686,0
3687,1
3688,1
3689,0
3690,0
3691,1
3692,0
3693,1
3694,1
3695,1
3696,0
3697,1
3698,0
3699,0
3700,0
3701,0
3702,0
3703,0
3704,0
3705,0
3706,1
3707,3
3708,0
3709,0
3710,0
3711,0
3712,1
3713,1
3714,0
3715,1
3716,0
3717,1
3718,0
3719,1
3720,0
3721,2
3722,0
3723,1
3724,0
3725,0
3726,0
3727,0
3728,0
3729,1
3730,0
3731,1
3732,1
3733,0
3734,1
3735,0
3736,0
3737,1
3738,0
3739,1
3740,1
3741,1
3742,2
3743,3
3744,3
3745,1
3746,2
3747,1
3748,0
3749,1
3750,0
3751,1
3752,0
3753,0
3754,0
3755,0
3756,0
3757,1
3758,0
3759,0
3760,0
3761,0
3762,0
3763,0
3764,0
3765,0
3766,0
3767,2
3768,1
3769,0
3770,0
3771,1
3772,1
3773,0
3774,1
3775,0
3776,2
3777,1
3778,2
3779,1
3780,1
3781,0
3782,0
3783,0
3784,0
3785,0
3786,0
3787,1
3788,3
3789,1
3790,1
3791,0
3792,2
3793,0
3794,2
3795,1
3796,0
3797,0
3798,3
3799,3
3800,0
3801,0
3802,2
3803,1
3804,0
3805,2
3806,0
3807,0
3808,2
3809,0
3810,0
3811,0
3812,2
3813,0
3814,0
3815,0
3816,0
3817,1
3818,3
3819,0
3820,1
3821,0
3822,2
3823,0
3824,0
3825,3
3826,0
3827,0
3828,0
3829,0
3830,1
3831,1
3832,1
3833,0
3834,0
3835,0
3836,0
3837,1
3838,0
3839,0
3840,0
3841,1
3842,0
3843,1
3844,1
3845,1
3846,2
3847,0
3848,0
3849,1
3850,1
3851,1
3852,1
3853,0
3854,1
3855,0
3856,1
3857,0
3858,0
3859,0
3860,0
3861,0
3862,1
3863,0
3864,0
3865,1
3866,1
3867,2
3868,0
3869,0
3870,0
3871,0
3872,1
3873,0
3874,1
3875,0
3876,0
3877,1
3878,2
3879,0
3880,0
3881,0
3882,0
3883,0
3884,1
3885,0
3886,0
3887,0
3888,1
3889,1
3890,0
3891,0
3892,0
3893,0
3894,0
3895,0
3896,0
3897,2
3898,1
3899,0
3900,0
3901,0
3902,1
3903,0
3904,0
3905,0
3906,0
3907,0
3908,0
3909,0
3910,0
3911,3
3912,0
3913,1
3914,2
3915,1
3916,0
3917,0
3918,0
3919,0
3920,0
3921,0
3922,0
3923,1
3924,1
3925,2
3926,1
3927,1
3928,1
3929,2
3930,2
3931,0
3932,1
3933,0
3934,0
3935,1
3936,1
3937,1
3938,1
3939,1
3940,1
3941,2
3942,1
3943,0
3944,0
3945,1
3946,0
3947,0
3948,0
3949,0
3950,0
3951,0
3952,1
3953,0
3954,0
3955,0
3956,1
3957,1
3958,1
3959,0
3960,0
3961,1
3962,0
3963,0
3964,1
3965,1
3966,2
3967,1
3968,1
3969,0
3970,1
3971,0
3972,0
3973,1
3974,0
3975,0
3976,1
3977,1
3978,2
3979,0
3980,1
3981,0
3982,0
3983,0
3984,1
3985,1
3986,0
3987,3
3988,1
3989,1
3990,0
3991,1
3992,0
3993,0
3994,1
3995,0
3996,1
3997,0
3998,2
3999,0
4000,1
4001,0
4002,1
4003,0
4004,0
4005,0
4006,0
4007,2
4008,2
4009,2
4010,3
4011,1
4012,0
4013,1
4014,0
4015,0
4016,0
4017,2
4018,0
4019,2
4020,2
4021,0
4022,0
4023,1
4024,1
4025,0
4026,2
4027,1
4028,1
4029,0
4030,1
4031,1
4032,0
4033,1
4034,1
4035,1
4036,0
4037,1
4038,1
4039,0
4040,0
4041,0
4042,0
4043,1
4044,0
4045,2
4046,1
4047,0
4048,0
4049,0
4050,0
4051,0
4052,0
4053,1
4054,2
4055,2
4056,0
4057,0
4058,0
4059,1
4060,0
4061,0
4062,0
4063,0
4064,0
4065,0
4066,0
4067,0
4068,0
4069,2
4070,0
4071,0
4072,0
4073,0
4074,0
4075,1
4076,0
4077,0
4078,0
4079,1
4080,0
4081,0
4082,0
4083,1
4084,0
4085,1
4086,0
4087,0
4088,2
4089,0
4090,0
4091,1
4092,1
4093,0
4094,1
4095,2
4096,0
4097,0
4098,1
4099,0
4100,0
4101,0
4102,0
4103,1
4104,1
4105,2
4106,0
4107,0
4108,0
4109,0
4110,0
4111,1
4112,1
4113,0
4114,1
4115,1
4116,0
4117,0
4118,0
4119,1
4120,2
4121,0
4122,1
4123,1
4124,1
4125,0
4126,0
4127,0
4128,0
4129,0
4130,1
4131,0
4132,0
4133,0
4134,1
4135,0
4136,2
4137,0
4138,2
4139,2
4140,0
4141,2
4142,0
4143,0
4144,0
4145,0
4146,2
4147,0
4148,0
4149,0
4150,1
4151,2
4152,2
4153,1
4154,1
4155,1
4156,0
4157,2
4158,0
4159,2
4160,0
4161,2
4162,0
4163,0
4164,0
4165,0
4166,2
4167,0
4168,0
4169,0
4170,1
4171,0
4172,0
4173,0
4174,0
4175,1
4176,0
4177,0
4178,1
4179,0
4180,0
4181,1
4182,0
4183,1
4184,1
4185,0
4186,0
4187,3
4188,0
4189,0
4190,1
4191,0
4192,0
4193,0
4194,0
4195,1
4196,0
4197,0
4198,1
4199,0
4200,0
4201,1
4202,1
4203,0
4204,0
4205,2
4206,1
4207,0
4208,2
4209,0
4210,1
4211,0
4212,0
4213,1
4214,0
4215,1
4216,1
4217,1
4218,1
4219,2
4220,0
4221,0
4222,0
4223,2
4224,2
4225,0
4226,2
4227,1
4228,2
4229,0
4230,2
4231,0
4232,0
4233,1
4234,0
4235,2
4236,0
4237,1
4238,1
4239,0
4240,0
4241,1
4242,2
4243,2
4244,0
4245,1
4246,1
4247,0
4248,0
4249,1
4250,0
4251,1
4252,0
4253,0
4254,0
4255,0
4256,0
4257,1
4258,1
4259,0
4260,0
4261,0
4262,0
4263,0
4264,0
4265,1
4266,1
4267,1
4268,1
4269,2
4270,0
4271,0
4272,0
4273,0
4274,0
4275,0
4276,2
4277,0
4278,1
4279,2
4280,0
4281,2
4282,0
4283,0
4284,0
4285,0
4286,1
4287,0
4288,0
4289,0
4290,0
4291,0
4292,1
4293,0
4294,1
4295,1
4296,0
4297,0
4298,0
4299,1
4300,0
4301,2
4302,0
4303,1
4304,0
4305,0
4306,1
4307,0
4308,0
4309,0
4310,0
4311,0
4312,0
4313,2
4314,0
4315,0
4316,1
4317,0
4318,0
4319,2
4320,1
4321,0
4322,0
4323,0
4324,0
4325,0
4326,2
4327,2
4328,1
4329,0
4330,0
4331,0
4332,0
4333,0
4334,0
4335,0
4336,0
4337,1
4338,1
4339,1
4340,1
4341,0
4342,0
4343,1
4344,0
4345,1
4346,0
4347,0
4348,0
4349,1
4350,0
4351,0
4352,2
4353,0
4354,2
4355,2
4356,0
4357,0
4358,0
4359,0
4360,0
4361,1
4362,0
4363,0
4364,1
4365,0
4366,1
4367,1
4368,1
4369,0
4370,0
4371,0
4372,0
4373,0
4374,0
4375,3
4376,0
4377,0
4378,3
4379,0
4380,2
4381,1
4382,0
4383,0
4384,0
4385,0
4386,1
4387,1
4388,0
4389,1
4390,0
4391,0
4392,2
4393,0
4394,0
4395,1
4396,0
4397,0
4398,2
4399,1
4400,1
4401,0
4402,1
4403,1
4404,1
4405,0
4406,0
4407,0
4408,1
4409,0
4410,0
4411,0
4412,0
4413,0
4414,0
4415,0
4416,0
4417,0
4418,0
4419,0
4420,0
4421,1
4422,0
4423,1
4424,0
4425,0
4426,1
4427,0
4428,0
4429,1
4430,0
4431,0
4432,1
4433,0
4434,4
4435,0
4436,0
4437,1
4438,1
4439,0
4440,0
4441,1
4442,0
4443,0
4444,0
4445,0
4446,0
4447,0
4448,1
4449,2
4450,1
4451,0
4452,0
4453,1
4454,0
4455,1
4456,0
4457,1
4458,1
4459,0
4460,0
4461,0
4462,0
4463,0
4464,0
4465,0
4466,1
4467,0
4468,0
4469,0
4470,1
4471,0
4472,0
4473,0
4474,0
4475,2
4476,0
4477,0
4478,0
4479,1
4480,1
4481,0
4482,0
4483,0
4484,0
4485,0
4486,0
4487,1
4488,0
4489,0
4490,0
4491,0
4492,0
4493,0
4494,1
4495,0
4496,0
4497,1
4498,0
4499,2
4500,1
4501,0
4502,1
4503,2
4504,0
4505,0
4506,0
4507,1
4508,0
4509,3
4510,0
4511,1
4512,0
4513,1
4514,0
4515,0
4516,1
4517,1
4518,2
4519,1
4520,0
4521,0
4522,2
4523,2
4524,1
4525,3
4526,2
4527,1
4528,1
4529,0
4530,2
4531,0
4532,1
4533,1
4534,2
4535,0
4536,1
4537,0
4538,0
4539,2
4540,0
4541,1
4542,1
4543,0
4544,0
4545,0
4546,0
4547,0
4548,1
4549,0
4550,0
4551,1
4552,0
4553,0
4554,0
4555,1
4556,0
4557,0
4558,1
4559,1
4560,1
4561,1
4562,0
4563,0
4564,0
4565,0
4566,1
4567,0
4568,2
4569,2
4570,1
4571,0
4572,0
4573,1
4574,1
4575,0
4576,0
4577,1
4578,1
4579,1
4580,0
4581,1
4582,1
4583,2
4584,1
4585,0
4586,1
4587,0
4588,0
4589,0
4590,1
4591,0
4592,2
4593,0
4594,0
4595,0
4596,0
4597,1
4598,0
4599,0
4600,0
4601,0
4602,1
4603,0
4604,1
4605,0
4606,0
4607,0
4608,0
4609,0
4610,0
4611,0
4612,0
4613,0
4614,0
4615,1
4616,0
4617,1
4618,0
4619,0
4620,0
4621,0
4622,0
4623,1
4624,0
4625,0
4626,0
4627,1
4628,0
4629,0
4630,0
4631,0
4632,0
4633,0
4634,0
4635,1
4636,1
4637,1
4638,0
4639,3
4640,0
4641,1
4642,1
4643,1
4644,1
4645,1
4646,2
4647,1
4648,0
4649,1
4650,1
4651,2
4652,1
4653,1
4654,0
4655,0
4656,0
4657,3
4658,1
4659,1
4660,0
4661,1
4662,2
4663,1
4664,1
4665,0
4666,0
4667,0
4668,0
4669,0
4670,0
4671,0
4672,1
4673,0
4674,0
4675,1
4676,2
4677,3
4678,0
4679,1
4680,0
4681,1
4682,0
4683,1
4684,1
4685,0
4686,0
4687,0
4688,1
4689,1
4690,0
4691,0
4692,1
4693,0
4694,0
4695,0
4696,2
4697,1
4698,0
4699,1
4700,0
4701,1
4702,0
4703,0
4704,1
4705,2
4706,0
4707,1
4708,0
4709,0
4710,2
4711,2
4712,0
4713,0
4714,0
4715,0
4716,2
4717,1
4718,2
4719,0
4720,0
4721,0
4722,0
4723,1
4724,2
4725,0
4726,1
4727,0
4728,1
4729,1
4730,0
4731,1
4732,0
4733,3
4734,0
4735,0
4736,0
4737,0
4738,0
4739,1
4740,0
4741,1
4742,1
4743,2
4744,1
4745,1
4746,1
4747,2
4748,0
4749,0
4750,0
4751,1
4752,0
4753,0
4754,0
4755,1
4756,1
4757,0
4758,0
4759,0
4760,0
4761,0
4762,0
4763,3
4764,1
4765,2
4766,1
4767,0
4768,1
4769,0
4770,1
4771,0
4772,0
4773,0
4774,2
4775,2
4776,0
4777,0
4778,0
4779,0
4780,0
4781,1
4782,0
4783,1
4784,0
4785,2
4786,1
4787,0
4788,0
4789,0
4790,0
4791,1
4792,2
4793,0
4794,0
4795,0
4796,0
4797,0
4798,1
4799,0
4800,0
4801,0
4802,0
4803,1
4804,1
4805,0
4806,3
4807,1
4808,1
4809,1
4810,1
4811,1
4812,0
4813,1
4814,0
4815,0
4816,1
4817,1
4818,0
4819,0
4820,1
4821,2
4822,1
4823,0
4824,0
4825,1
4826,1
4827,0
4828,0
4829,0
4830,1
4831,1
4832,0
4833,1
4834,0
4835,0
4836,0
4837,0
4838,0
4839,1
4840,0
4841,0
4842,1
4843,0
4844,1
4845,2
4846,1
4847,0
4848,0
4849,0
4850,0
4851,0
4852,0
4853,1
4854,0
4855,0
4856,0
4857,0
4858,1
4859,1
4860,3
4861,0
4862,1
4863,2
4864,2
4865,2
4866,1
4867,2
4868,1
4869,0
4870,0
4871,1
4872,1
4873,1
4874,2
4875,1
4876,1
4877,0
4878,2
4879,0
4880,0
4881,0
4882,0
4883,3
4884,1
4885,0
4886,1
4887,0
4888,0
4889,3
4890,1
4891,0
4892,4
4893,0
4894,1
4895,0
4896,0
4897,1
4898,0
4899,0
4900,0
4901,0
4902,1
4903,1
4904,0
4905,0
4906,1
4907,0
4908,0
4909,0
4910,2
4911,0
4912,1
4913,1
4914,1
4915,2
4916,0
4917,0
4918,0
4919,0
4920,1
4921,0
4922,1
4923,0
4924,0
4925,1
4926,0
4927,0
4928,0
4929,0
4930,1
4931,1
4932,2
4933,2
4934,0
4935,0
4936,0
4937,0
4938,0
4939,1
4940,2
4941,0
4942,0
4943,0
4944,1
4945,2
4946,1
4947,1
4948,0
4949,0
4950,1
4951,0
4952,1
4953,1
4954,0
4955,2
4956,0
4957,0
4958,0
4959,0
4960,0
4961,0
4962,0
4963,1
4964,0
4965,1
4966,0
4967,0
4968,3
4969,0
4970,0
4971,0
4972,1
4973,0
4974,0
4975,0
4976,0
4977,1
4978,0
4979,0
4980,0
4981,1
4982,1
4983,1
4984,0
4985,0
4986,1
4987,0
4988,0
4989,1
4990,0
4991,1
4992,0
4993,1
4994,0
4995,0
4996,0
4997,0
4998,2
4999,0
5000,2
5001,0
5002,0
5003,0
5004,1
5005,0
5006,1
5007,0
5008,0
5009,1
5010,0
5011,2
5012,0
5013,2
5014,0
5015,2
5016,1
5017,2
5018,1
5019,0
5020,2
5021,1
5022,1
5023,1
5024,1
5025,0
5026,1
5027,1
5028,1
5029,1
5030,0
5031,1
5032,0
5033,1
5034,0
5035,1
5036,0
5037,1
5038,1
5039,0
5040,0
5041,3
5042,0
5043,0
5044,1
5045,2
5046,0
5047,0
5048,0
5049,1
5050,0
5051,0
5052,2
5053,0
5054,0
5055,1
5056,0
5057,0
5058,0
5059,1
5060,1
5061,0
5062,3
5063,1
5064,1
5065,1
5066,1
5067,2
5068,1
5069,1
5070,1
5071,1
5072,2
5073,0
5074,0
5075,0
5076,0
5077,0
5078,1
5079,0
5080,1
5081,1
5082,0
5083,0
5084,0
5085,1
5086,2
5087,1
5088,0
5089,1
5090,0
5091,0
5092,1
5093,0
5094,0
5095,1
5096,0
5097,0
5098,0
5099,0
5100,0
5101,0
5102,1
5103,1
5104,1
5105,2
5106,2
5107,1
5108,1
5109,0
5110,2
5111,0
5112,0
5113,0
5114,0
5115,0
5116,1
5117,2
5118,1
5119,0
5120,0
5121,0
5122,0
5123,1
5124,1
5125,1
5126,1
5127,1
5128,0
5129,0
5130,1
5131,1
5132,1
5133,0
5134,0
5135,0
5136,0
5137,0
5138,1
5139,0
5140,0
5141,1
5142,1
5143,0
5144,0
5145,0
5146,0
5147,0
5148,0
5149,0
5150,0
5151,1
5152,0
5153,0
5154,2
5155,0
5156,0
5157,1
5158,1
5159,1
5160,2
5161,0
5162,0
5163,1
5164,0
5165,0
5166,1
5167,0
5168,0
5169,1
5170,2
5171,0
5172,1
5173,0
5174,1
5175,1
5176,1
5177,1
5178,0
5179,1
5180,0
5181,0
5182,0
5183,0
5184,1
5185,0
5186,1
5187,1
5188,2
5189,0
5190,0
5191,0
5192,1
5193,2
5194,2
5195,0
5196,1
5197,0
5198,0
5199,0
5200,0
5201,0
5202,1
5203,0
5204,1
5205,1
5206,1
5207,0
5208,0
5209,2
5210,0
5211,0
5212,1
5213,0
5214,3
5215,0
5216,1
5217,0
5218,1
5219,1
5220,2
5221,0
5222,0
5223,1
5224,0
5225,0
5226,0
5227,0
5228,0
5229,0
5230,0
5231,0
5232,0
5233,1
5234,0
5235,1
5236,0
5237,0
5238,0
5239,0
5240,0
5241,0
5242,2
5243,0
5244,1
5245,1
5246,2
5247,2
5248,1
5249,1
5250,0
5251,1
5252,0
5253,3
5254,0
5255,0
5256,0
5257,1
5258,0
5259,2
5260,1
5261,2
5262,1
5263,0
5264,1
5265,1
5266,0
5267,1
5268,1
5269,1
5270,1
5271,1
5272,1
5273,1
5274,0
5275,1
5276,1
5277,0
5278,1
5279,0
5280,1
5281,1
5282,0
5283,1
5284,1
5285,0
5286,0
5287,1
5288,0
5289,0
5290,0
5291,0
5292,0
5293,0
5294,0
5295,0
5296,1
5297,1
5298,0
5299,2
5300,2
5301,0
5302,1
5303,0
5304,1
5305,0
5306,3
5307,0
5308,0
5309,2
5310,1
5311,1
5312,2
5313,1
5314,2
5315,1
5316,1
5317,0
5318,0
5319,0
5320,1
5321,0
5322,3
5323,0
5324,0
5325,0
5326,1
5327,0
5328,0
5329,1
5330,0
5331,2
5332,1
5333,1
5334,1
5335,0
5336,1
5337,2
5338,0
5339,1
5340,2
5341,1
5342,0
5343,0
5344,0
5345,0
5346,0
5347,0
5348,0
5349,0
5350,0
5351,0
5352,1
5353,0
5354,0
5355,0
5356,1
5357,0
5358,1
5359,0
5360,0
5361,1
5362,0
5363,1
5364,0
5365,0
5366,0
5367,1
5368,1
5369,0
5370,0
5371,0
5372,0
5373,2
5374,0
5375,1
5376,0
5377,1
5378,1
5379,0
5380,2
5381,0
5382,0
5383,1
5384,1
5385,1
5386,0
5387,1
5388,1
5389,2
5390,0
5391,1
5392,3
5393,0
5394,0
5395,3
5396,2
5397,0
5398,0
5399,1
5400,0
5401,3
5402,0
5403,1
5404,1
5405,0
5406,2
5407,0
5408,0
5409,0
5410,2
5411,0
5412,0
5413,1
5414,0
5415,0
5416,1
5417,1
5418,0
5419,0
5420,1
5421,0
5422,0
5423,0
5424,1
5425,0
5426,0
5427,0
5428,0
5429,0
5430,0
5431,0
5432,0
5433,1
5434,0
5435,0
5436,0
5437,1
5438,0
5439,0
5440,1
5441,0
5442,1
5443,1
5444,0
5445,0
5446,1
5447,2
5448,0
5449,0
5450,0
5451,0
5452,0
5453,0
5454,0
5455,1
5456,0
5457,1
5458,0
5459,0
5460,3
5461,0
5462,0
5463,0
5464,0
5465,0
5466,0
5467,2
5468,0
5469,0
5470,1
5471,0
5472,1
5473,0
5474,0
5475,0
5476,0
5477,0
5478,0
5479,1
5480,0
5481,0
5482,0
5483,1
5484,0
5485,0
5486,0
5487,0
5488,2
5489,2
5490,0
5491,1
5492,0
5493,0
5494,1
5495,1
5496,0
5497,0
5498,0
5499,1
5500,1
5501,0
5502,1
5503,0
5504,0
5505,0
5506,0
5507,0
5508,0
5509,1
5510,1
5511,0
5512,1
5513,0
5514,0
5515,1
5516,1
5517,1
5518,1
5519,1
5520,1
5521,2
5522,2
5523,1
5524,0
5525,0
5526,0
5527,0
5528,1
5529,1
5530,1
5531,1
5532,0
5533,0
5534,2
5535,0
5536,1
5537,0
5538,1
5539,3
5540,1
5541,0
5542,0
5543,0
5544,2
5545,2
5546,0
5547,1
5548,0
5549,0
5550,0
5551,0
5552,0
5553,1
5554,1
5555,1
5556,0
5557,0
5558,0
5559,1
5560,1
5561,1
5562,1
5563,0
5564,0
5565,0
5566,0
5567,0
5568,1
5569,0
5570,1
5571,0
5572,1
5573,1
5574,0
5575,0
5576,0
5577,0
5578,0
5579,0
5580,1
5581,0
5582,0
5583,0
5584,1
5585,1
5586,0
5587,0
5588,1
5589,1
5590,0
5591,1
5592,1
5593,1
5594,0
5595,0
5596,0
5597,0
5598,0
5599,0
5600,0
5601,0
5602,1
5603,1
5604,0
5605,0
5606,0
5607,1
5608,0
5609,0
5610,1
5611,2
5612,0
5613,0
5614,0
5615,0
5616,0
5617,1
5618,1
5619,0
5620,1
5621,1
5622,0
5623,0
5624,1
5625,0
5626,0
5627,3
5628,2
5629,0
5630,1
5631,0
5632,0
5633,1
5634,1
5635,2
5636,2
5637,0
5638,1
5639,3
5640,1
5641,0
5642,1
5643,0
5644,2
5645,2
5646,1
5647,1
5648,1
5649,0
5650,0
5651,1
5652,0
5653,2
5654,0
5655,1
5656,2
5657,1
5658,0
5659,0
5660,0
5661,0
5662,0
5663,1
5664,1
5665,1
5666,0
5667,1
5668,1
5669,0
5670,1
5671,0
5672,0
5673,0
5674,0
5675,0
5676,1
5677,2
5678,0
5679,0
5680,0
5681,0
5682,1
5683,0
5684,1
5685,0
5686,0
5687,0
5688,0
5689,0
5690,1
5691,1
5692,1
5693,0
5694,1
5695,0
5696,0
5697,0
5698,1
5699,1
5700,0
5701,0
5702,0
5703,0
5704,1
5705,0
5706,0
5707,0
5708,1
5709,0
5710,3
5711,0
5712,0
5713,1
5714,2
5715,0
5716,1
5717,1
5718,0
5719,1
5720,0
5721,0
5722,1
5723,0
5724,0
5725,0
5726,0
5727,0
5728,0
5729,1
5730,0
5731,0
5732,0
5733,1
5734,0
5735,0
5736,0
5737,0
5738,0
5739,2
5740,1
5741,0
5742,0
5743,0
5744,0
5745,0
5746,0
5747,0
5748,0
5749,0
5750,1
5751,0
5752,0
5753,0
5754,1
5755,1
5756,1
5757,1
5758,1
5759,0
5760,0
5761,1
5762,2
5763,1
5764,0
5765,0
5766,1
5767,1
5768,1
5769,1
5770,0
5771,0
5772,2
5773,1
5774,0
5775,1
5776,1
5777,0
5778,2
5779,1
5780,1
5781,0
5782,0
5783,1
5784,1
5785,0
5786,0
5787,1
5788,0
5789,0
5790,1
5791,0
5792,0
5793,0
5794,1
5795,1
5796,2
5797,1
5798,0
5799,0
5800,1
5801,0
5802,1
5803,1
5804,0
5805,1
5806,0
5807,1
5808,0
5809,1
5810,0
5811,0
5812,1
5813,0
5814,0
5815,1
5816,1
5817,1
5818,1
5819,3
5820,1
5821,0
5822,1
5823,1
5824,1
5825,1
5826,1
5827,2
5828,0
5829,1
5830,4
5831,1
5832,0
5833,1
5834,1
5835,1
5836,1
5837,0
5838,2
5839,0
5840,0
5841,1
5842,0
5843,0
5844,0
5845,1
5846,1
5847,0
5848,1
5849,1
5850,1
5851,1
5852,2
5853,1
5854,0
5855,0
5856,0
5857,1
5858,1
5859,0
5860,0
5861,0
5862,1
5863,0
5864,1
5865,0
5866,0
5867,0
5868,0
5869,1
5870,0
5871,0
5872,1
5873,0
5874,0
5875,1
5876,1
5877,0
5878,0
5879,1
5880,0
5881,0
5882,2
5883,2
5884,2
5885,2
5886,2
5887,0
5888,0
5889,0
5890,0
5891,1
5892,1
5893,0
5894,0
5895,3
5896,2
5897,1
5898,0
5899,2
5900,0
5901,1
5902,1
5903,1
5904,0
5905,1
5906,0
5907,0
5908,2
5909,0
5910,1
5911,0
5912,1
5913,0
5914,1
5915,0
5916,0
5917,1
5918,0
5919,0
5920,0
5921,0
5922,1
5923,0
5924,0
5925,2
5926,0
5927,0
5928,1
5929,0
5930,0
5931,0
5932,1
5933,0
5934,0
5935,0
5936,0
5937,0
5938,0
5939,0
5940,0
5941,1
5942,0
5943,1
5944,0
5945,2
5946,0
5947,0
5948,0
5949,2
5950,0
5951,2
5952,2
5953,1
5954,2
5955,1
5956,1
5957,0
5958,0
5959,1
5960,1
5961,0
5962,0
5963,0
5964,0
5965,0
5966,0
5967,2
5968,1
5969,1
5970,0
5971,0
5972,2
5973,1
5974,0
5975,0
5976,1
5977,1
5978,0
5979,1
5980,1
5981,0
5982,1
5983,0
5984,0
5985,1
5986,1
5987,1
5988,3
5989,0
5990,1
5991,1
5992,0
5993,0
5994,0
5995,1
5996,1
5997,1
5998,1
5999,0
6000,0
6001,0
6002,0
6003,1
6004,0
6005,0
6006,1
6007,1
6008,0
6009,1
6010,0
6011,1
6012,1
6013,1
6014,0
6015,0
6016,1
6017,3
6018,1
6019,1
6020,0
6021,0
6022,0
6023,1
6024,0
6025,1
6026,0
6027,1
6028,0
6029,1
6030,3
6031,0
6032,1
6033,0
6034,0
6035,2
6036,1
6037,2
6038,0
6039,1
6040,1
6041,0
6042,1
6043,0
6044,0
6045,0
6046,3
6047,1
6048,1
6049,1
6050,0
6051,1
6052,2
6053,0
6054,0
6055,2
6056,0
6057,0
6058,1
6059,0
6060,1
6061,1
6062,0
6063,0
6064,0
6065,0
6066,0
6067,0
6068,1
6069,3
6070,0
6071,0
6072,1
6073,1
6074,1
6075,1
6076,2
6077,1
6078,3
6079,0
6080,3
6081,1
6082,0
6083,1
6084,1
6085,0
6086,2
6087,0
6088,2
6089,0
6090,0
6091,1
6092,1
6093,2
6094,0
6095,0
6096,1
6097,2
6098,0
6099,1
6100,1
6101,0
6102,0
6103,0
6104,0
6105,3
6106,0
6107,0
6108,1
6109,0
6110,0
6111,0
6112,1
6113,0
6114,1
6115,0
6116,0
6117,1
6118,0
6119,1
6120,0
6121,0
6122,1
6123,0
6124,1
6125,0
6126,1
6127,0
6128,0
6129,0
6130,1
6131,2
6132,2
6133,1
6134,3
6135,0
6136,1
6137,0
6138,5
6139,4
6140,1
6141,2
6142,2
6143,0
6144,0
6145,0
6146,0
6147,1
6148,1
6149,0
6150,1
6151,0
6152,1
6153,0
6154,1
6155,0
6156,1
6157,0
6158,0
6159,2
6160,1
6161,1
6162,0
6163,0
6164,0
6165,0
6166,0
6167,1
6168,2
6169,0
6170,1
6171,0
6172,0
6173,1
6174,2
6175,0
6176,0
6177,0
6178,2
6179,0
6180,0
6181,0
6182,0
6183,1
6184,1
6185,2
6186,1
6187,1
6188,0
6189,1
6190,1
6191,0
6192,1
6193,1
6194,2
6195,1
6196,1
6197,0
6198,0
6199,1
6200,1
6201,0
6202,2
6203,0
6204,1
6205,0
6206,0
6207,1
6208,0
6209,1
6210,0
6211,1
6212,2
6213,0
6214,0
6215,0
6216,1
6217,0
6218,0
6219,0
6220,1
6221,0
6222,1
6223,2
6224,0
6225,1
6226,0
6227,0
6228,1
6229,1
6230,2
6231,1
6232,0
6233,0
6234,0
6235,0
6236,0
6237,2
6238,1
6239,0
6240,0
6241,1
6242,1
6243,0
6244,1
6245,2
6246,1
6247,0
6248,0
6249,1
6250,1
6251,1
6252,1
6253,1
6254,0
6255,0
6256,3
6257,1
6258,0
6259,1
6260,1
6261,1
6262,0
6263,1
6264,2
6265,1
6266,1
6267,0
6268,1
6269,1
6270,0
6271,0
6272,2
6273,1
6274,2
6275,0
6276,1
6277,1
6278,0
6279,0
6280,0
6281,0
6282,1
6283,2
6284,1
6285,0
6286,2
6287,2
6288,1
6289,1
6290,0
6291,1
6292,2
6293,0
6294,1
6295,0
6296,1
6297,0
6298,0
6299,0
6300,1
6301,0
6302,1
6303,0
6304,1
6305,2
6306,0
6307,2
6308,1
6309,0
6310,0
6311,0
6312,0
6313,0
6314,0
6315,0
6316,1
6317,0
6318,0
6319,0
6320,1
6321,1
6322,1
6323,1
6324,0
6325,0
6326,0
6327,2
6328,1
6329,1
6330,0
6331,0
6332,0
6333,0
6334,0
6335,0
6336,1
6337,0
6338,2
6339,1
6340,1
6341,0
6342,0
6343,1
6344,0
6345,1
6346,0
6347,2
6348,0
6349,1
6350,0
6351,0
6352,0
6353,2
6354,0
6355,0
6356,0
6357,0
6358,2
6359,2
6360,0
6361,0
6362,1
6363,1
6364,0
6365,2
6366,0
6367,0
6368,1
6369,0
6370,1
6371,0
6372,0
6373,0
6374,1
6375,0
6376,0
6377,0
6378,0
6379,1
6380,1
6381,0
6382,1
6383,0
6384,1
6385,0
6386,0
6387,2
6388,2
6389,1
6390,3
6391,0
6392,0
6393,1
6394,0
6395,0
6396,1
6397,0
6398,0
6399,0
6400,0
6401,2
6402,1
6403,2
6404,0
6405,0
6406,1
6407,0
6408,0
6409,1
6410,2
6411,0
6412,0
6413,0
6414,1
6415,0
6416,1
6417,2
6418,0
6419,0
6420,0
6421,1
6422,0
6423,0
6424,0
6425,1
6426,0
6427,0
6428,0
6429,1
6430,0
6431,1
6432,0
6433,2
6434,1
6435,1
6436,0
6437,0
6438,0
6439,1
6440,0
6441,1
6442,0
6443,0
6444,0
6445,0
6446,0
6447,0
6448,0
6449,1
6450,0
6451,0
6452,0
6453,0
6454,0
6455,1
6456,0
6457,0
6458,0
6459,0
6460,2
6461,0
6462,1
6463,1
6464,0
6465,0
6466,0
6467,1
6468,2
6469,0
6470,0
6471,0
6472,0
6473,2
6474,1
6475,0
6476,1
6477,0
6478,0
6479,1
6480,0
6481,0
6482,3
6483,1
6484,0
6485,0
6486,0
6487,0
6488,1
6489,3
6490,1
6491,0
6492,0
6493,0
6494,0
6495,1
6496,0
6497,1
6498,2
6499,2
6500,0
6501,0
6502,1
6503,0
6504,2
6505,0
6506,0
6507,0
6508,0
6509,2
6510,0
6511,1
6512,0
6513,2
6514,1
6515,0
6516,0
6517,1
6518,0
6519,2
6520,0
6521,1
6522,1
6523,1
6524,1
6525,0
6526,2
6527,1
6528,1
6529,1
6530,0
6531,1
6532,2
6533,1
6534,0
6535,0
6536,1
6537,3
6538,0
6539,1
6540,1
6541,1
6542,0
6543,1
6544,1
6545,1
6546,0
6547,1
6548,0
6549,3
6550,1
6551,0
6552,0
6553,0
6554,0
6555,1
6556,0
6557,1
6558,0
6559,2
6560,0
6561,1
6562,1
6563,0
6564,2
6565,2
6566,4
6567,2
6568,0
6569,1
6570,0
6571,0
6572,0
6573,1
6574,1
6575,3
6576,1
6577,0
6578,0
6579,0
6580,1
6581,0
6582,1
6583,0
6584,0
6585,0
6586,0
6587,1
6588,3
6589,0
6590,0
6591,1
6592,0
6593,0
6594,1
6595,1
6596,1
6597,0
6598,0
6599,1
6600,0
6601,2
6602,0
6603,1
6604,0
6605,1
6606,2
6607,0
6608,1
6609,1
6610,0
6611,0
6612,0
6613,1
6614,0
6615,0
6616,0
6617,0
6618,1
6619,1
6620,0
6621,0
6622,3
6623,0
6624,0
6625,0
6626,0
6627,1
6628,1
6629,1
6630,0
6631,0
6632,0
6633,0
6634,0
6635,0
6636,0
6637,1
6638,0
6639,1
6640,1
6641,0
6642,2
6643,1
6644,1
6645,0
6646,1
6647,1
6648,1
6649,0
6650,0
6651,1
6652,0
6653,1
6654,1
6655,1
6656,1
6657,1
6658,1
6659,1
6660,3
6661,1
6662,1
6663,1
6664,1
6665,1
6666,0
6667,1
6668,1
6669,0
6670,1
6671,1
6672,1
6673,0
6674,0
6675,0
6676,2
6677,0
6678,0
6679,0
6680,2
6681,3
6682,0
6683,0
6684,1
6685,0
6686,1
6687,1
6688,1
6689,1
6690,0
6691,0
6692,2
6693,1
6694,1
6695,0
6696,0
6697,2
6698,1
6699,2
6700,0
6701,0
6702,2
6703,1
6704,0
6705,0
6706,1
6707,1
6708,0
6709,0
6710,2
6711,3
6712,0
6713,0
6714,0
6715,0
6716,0
6717,0
6718,1
6719,0
6720,0
6721,2
6722,0
6723,1
6724,0
6725,1
6726,1
6727,1
6728,0
6729,0
6730,1
6731,0
6732,0
6733,1
6734,0
6735,1
6736,0
6737,0
6738,1
6739,1
6740,0
6741,0
6742,0
6743,1
6744,2
6745,0
6746,1
6747,0
6748,0
6749,1
6750,0
6751,0
6752,2
6753,0
6754,1
6755,0
6756,0
6757,0
6758,2
6759,1
6760,2
6761,1
6762,0
6763,0
6764,1
6765,0
6766,0
6767,2
6768,0
6769,1
6770,1
6771,0
6772,1
6773,1
6774,1
6775,2
6776,0
6777,2
6778,1
6779,0
6780,0
6781,0
6782,1
6783,0
6784,1
6785,0
6786,1
6787,0
6788,1
6789,0
6790,0
6791,1
6792,2
6793,0
6794,1
6795,1
6796,0
6797,2
6798,0
6799,0
6800,0
6801,0
6802,1
6803,1
6804,0
6805,1
6806,3
6807,0
6808,1
6809,0
6810,1
6811,1
6812,0
6813,0
6814,1
6815,0
6816,1
6817,0
6818,0
6819,1
6820,0
6821,2
6822,1
6823,0
6824,0
6825,1
6826,0
6827,0
6828,0
6829,0
6830,0
6831,0
6832,2
6833,2
6834,0
6835,1
6836,0
6837,1
6838,0
6839,1
6840,0
6841,0
6842,0
6843,2
6844,1
6845,0
6846,1
6847,1
6848,0
6849,0
6850,0
6851,0
6852,1
6853,0
6854,1
6855,1
6856,0
6857,0
6858,0
6859,0
6860,0
6861,1
6862,0
6863,1
6864,2
6865,2
6866,2
6867,0
6868,0
6869,1
6870,1
6871,0
6872,0
6873,2
6874,0
6875,0
6876,0
6877,0
6878,1
6879,0
6880,0
6881,1
6882,1
6883,1
6884,0
6885,1
6886,0
6887,1
6888,1
6889,2
6890,2
6891,3
6892,1
6893,2
6894,0
6895,1
6896,0
6897,1
6898,0
6899,1
6900,1
6901,2
6902,3
6903,1
6904,0
6905,3
6906,0
6907,1
6908,1
6909,0
6910,0
6911,0
6912,1
6913,2
6914,1
6915,1
6916,0
6917,1
6918,0
6919,0
6920,1
6921,1
6922,0
6923,0
6924,0
6925,0
6926,0
6927,0
6928,1
6929,0
6930,0
6931,1
6932,0
6933,3
6934,0
6935,2
6936,0
6937,0
6938,0
6939,1
6940,0
6941,0
6942,2
6943,2
6944,0
6945,0
6946,1
6947,1
6948,0
6949,0
6950,0
6951,0
6952,0
6953,1
6954,0
6955,0
6956,1
6957,1
6958,0
6959,0
6960,0
6961,1
6962,0
6963,0
6964,0
6965,0
6966,0
6967,0
6968,1
6969,1
6970,1
6971,0
6972,1
6973,3
6974,1
6975,0
6976,1
6977,1
6978,0
6979,1
6980,0
6981,2
6982,0
6983,0
6984,2
6985,1
6986,0
6987,2
6988,1
6989,0
6990,3
6991,1
6992,0
6993,1
6994,1
6995,0
6996,1
6997,0
6998,0
6999,0
7000,0
7001,0
7002,0
7003,0
7004,0
7005,0
7006,0
7007,3
7008,0
7009,0
7010,2
7011,0
7012,0
7013,0
7014,1
7015,0
7016,0
7017,1
7018,0
7019,1
7020,0
7021,2
7022,1
7023,3
7024,0
7025,0
7026,2
7027,0
7028,4
7029,0
7030,1
7031,2
7032,1
7033,1
7034,1
7035,1
7036,2
7037,0
7038,0
7039,1
7040,1
7041,0
7042,0
7043,0
7044,0
7045,0
7046,0
7047,3
7048,0
7049,1
7050,0
7051,1
7052,0
7053,0
7054,0
7055,0
7056,0
7057,0
7058,0
7059,2
7060,0
7061,0
7062,0
7063,0
7064,0
7065,0
7066,0
7067,0
7068,0
7069,0
7070,0
7071,3
7072,0
7073,2
7074,1
7075,2
7076,0
7077,1
7078,0
7079,1
7080,0
7081,0
7082,0
7083,0
7084,0
7085,0
7086,1
7087,0
7088,0
7089,0
7090,0
7091,0
7092,1
7093,1
7094,0
7095,0
7096,1
7097,0
7098,1
7099,0
7100,0
7101,0
7102,1
7103,0
7104,0
7105,2
7106,1
7107,0
7108,1
7109,2
7110,0
7111,2
7112,0
7113,0
7114,0
7115,1
7116,0
7117,0
7118,1
7119,2
7120,0
7121,0
7122,0
7123,1
7124,0
7125,0
7126,1
7127,0
7128,0
7129,2
7130,0
7131,0
7132,0
7133,0
7134,0
7135,1
7136,3
7137,1
7138,0
7139,0
7140,1
7141,1
7142,0
7143,1
7144,0
7145,0
7146,0
7147,1
7148,5
7149,0
7150,0
7151,0
7152,3
7153,0
7154,1
7155,1
7156,0
7157,0
7158,1
7159,2
7160,1
7161,0
7162,0
7163,0
7164,1
7165,0
7166,0
7167,1
7168,1
7169,1
7170,1
7171,0
7172,1
7173,0
7174,0
7175,0
7176,0
7177,1
7178,0
7179,0
7180,0
7181,1
7182,1
7183,0
7184,1
7185,1
7186,1
7187,3
7188,0
7189,0
7190,0
7191,1
7192,1
7193,0
7194,0
7195,0
7196,0
7197,1
7198,1
7199,0
7200,1
7201,0
7202,2
7203,1
7204,0
7205,0
7206,0
7207,1
7208,0
7209,0
7210,1
7211,0
7212,0
7213,1
7214,0
7215,0
7216,0
7217,0
7218,2
7219,1
7220,0
7221,0
7222,0
7223,1
7224,1
7225,1
7226,1
7227,0
7228,1
7229,2
7230,1
7231,0
7232,0
7233,1
7234,2
7235,1
7236,0
7237,0
7238,0
7239,0
7240,0
7241,0
7242,1
7243,1
7244,0
7245,1
7246,0
7247,0
7248,0
7249,1
7250,0
7251,1
7252,0
7253,0
7254,1
7255,0
7256,2
7257,1
7258,0
7259,2
7260,1
7261,3
7262,1
7263,1
7264,1
7265,3
7266,2
7267,1
7268,1
7269,0
7270,1
7271,0
7272,0
7273,0
7274,1
7275,2
7276,1
7277,1
7278,1
7279,1
7280,0
7281,0
7282,1
7283,0
7284,0
7285,1
7286,1
7287,0
7288,2
7289,0
7290,0
7291,0
7292,0
7293,2
7294,0
7295,0
7296,0
7297,0
7298,0
7299,2
7300,0
7301,1
7302,0
7303,0
7304,0
7305,0
7306,2
7307,1
7308,0
7309,0
7310,0
7311,1
7312,0
7313,0
7314,2
7315,2
7316,1
7317,0
7318,0
7319,1
7320,1
7321,1
7322,1
7323,0
7324,0
7325,1
7326,1
7327,0
7328,1
7329,1
7330,2
7331,1
7332,1
7333,1
7334,2
7335,0
7336,1
7337,1
7338,0
7339,0
7340,1
7341,0
7342,2
7343,0
7344,0
7345,1
7346,2
7347,0
7348,0
7349,1
7350,0
7351,1
7352,0
7353,0
7354,2
7355,1
7356,0
7357,1
7358,0
7359,1
7360,0
7361,2
7362,1
7363,0
7364,0
7365,2
7366,0
7367,0
7368,0
7369,0
7370,0
7371,1
7372,0
7373,0
7374,0
7375,0
7376,0
7377,0
7378,2
7379,0
7380,0
7381,1
7382,0
7383,0
7384,0
7385,1
7386,2
7387,0
7388,2
7389,1
7390,1
7391,1
7392,0
7393,1
7394,0
7395,1
7396,1
7397,0
7398,0
7399,1
7400,0
7401,1
7402,0
7403,0
7404,2
7405,0
7406,0
7407,1
7408,0
7409,2
7410,0
7411,1
7412,1
7413,0
7414,2
7415,0
7416,0
7417,0
7418,0
7419,1
7420,0
7421,1
7422,1
7423,0
7424,0
7425,1
7426,1
7427,1
7428,0
7429,0
7430,0
7431,0
7432,2
7433,1
7434,0
7435,2
7436,0
7437,0
7438,0
7439,1
7440,0
7441,0
7442,1
7443,0
7444,0
7445,0
7446,2
7447,1
7448,0
7449,0
7450,1
7451,2
7452,0
7453,1
7454,1
7455,0
7456,0
7457,0
7458,0
7459,1
7460,1
7461,1
7462,0
7463,1
7464,0
7465,3
7466,1
7467,0
7468,0
7469,0
7470,0
7471,1
7472,0
7473,0
7474,0
7475,0
7476,0
7477,0
7478,0
7479,1
7480,2
7481,0
7482,0
7483,0
7484,1
7485,2
7486,0
7487,1
7488,3
7489,0
7490,0
7491,1
7492,0
7493,0
7494,1
7495,0
7496,0
7497,2
7498,0
7499,0
7500,0
7501,1
7502,1
7503,0
7504,0
7505,2
7506,0
7507,0
7508,0
7509,0
7510,1
7511,0
7512,0
7513,0
7514,0
7515,1
7516,1
7517,1
7518,1
7519,3
7520,1
7521,1
7522,0
7523,0
7524,3
7525,0
7526,2
7527,0
7528,0
7529,0
7530,0
7531,0
7532,2
7533,1
7534,1
7535,0
7536,0
7537,0
7538,0
7539,1
7540,1
7541,1
7542,0
7543,1
7544,0
7545,0
7546,0
7547,1
7548,0
7549,0
7550,0
7551,1
7552,0
7553,0
7554,2
7555,1
7556,0
7557,1
7558,1
7559,0
7560,0
7561,0
7562,0
7563,2
7564,1
7565,0
7566,0
7567,0
7568,0
7569,0
7570,0
7571,0
7572,2
7573,1
7574,0
7575,1
7576,0
7577,0
7578,2
7579,2
7580,2
7581,0
7582,0
7583,0
7584,1
7585,1
7586,0
7587,2
7588,1
7589,0
7590,0
7591,0
7592,1
7593,0
7594,1
7595,1
7596,1
7597,0
7598,1
7599,0
7600,2
7601,0
7602,2
7603,1
7604,0
7605,1
7606,1
7607,0
7608,1
7609,2
7610,0
7611,1
7612,0
7613,1
7614,1
7615,2
7616,3
7617,1
7618,1
7619,1
7620,0
7621,1
7622,0
7623,0
7624,0
7625,0
7626,0
7627,0
7628,0
7629,0
7630,0
7631,2
7632,1
7633,0
7634,1
7635,1
7636,0
7637,1
7638,2
7639,1
7640,3
7641,2
7642,2
7643,2
7644,2
7645,0
7646,2
7647,2
7648,0
7649,1
7650,1
7651,2
7652,2
7653,2
7654,0
7655,0
7656,0
7657,1
7658,1
7659,1
7660,0
7661,1
7662,2
7663,1
7664,0
7665,1
7666,3
7667,2
7668,0
7669,1
7670,1
7671,0
7672,1
7673,0
7674,1
7675,0
7676,0
7677,0
7678,0
7679,0
7680,1
7681,0
7682,1
7683,1
7684,1
7685,0
7686,0
7687,0
7688,0
7689,0
7690,2
7691,0
7692,0
7693,0
7694,0
7695,0
7696,1
7697,1
7698,0
7699,0
7700,0
7701,0
7702,1
7703,1
7704,0
7705,0
7706,1
7707,1
7708,0
7709,1
7710,2
7711,2
7712,0
7713,1
7714,0
7715,1
7716,0
7717,0
7718,0
7719,0
7720,0
7721,1
7722,0
7723,0
7724,2
7725,0
7726,1
7727,0
7728,0
7729,0
7730,0
7731,1
7732,0
7733,0
7734,0
7735,1
7736,2
7737,0
7738,1
7739,1
7740,1
7741,1
7742,2
7743,0
7744,0
7745,0
7746,0
7747,0
7748,0
7749,1
7750,0
7751,1
7752,0
7753,0
7754,1
7755,0
7756,1
7757,0
7758,0
7759,0
7760,0
7761,1
7762,1
7763,0
7764,1
7765,2
7766,1
7767,1
7768,1
7769,1
7770,3
7771,2
7772,0
7773,2
7774,1
7775,2
7776,0
7777,4
7778,0
7779,0
7780,1
7781,0
7782,2
7783,1
7784,1
7785,0
7786,0
7787,0
7788,0
7789,0
7790,1
7791,0
7792,0
7793,0
7794,1
7795,0
7796,0
7797,0
7798,1
7799,2
7800,1
7801,0
7802,0
7803,2
7804,0
7805,1
7806,1
7807,2
7808,0
7809,0
7810,1
7811,2
7812,0
7813,1
7814,0
7815,1
7816,0
7817,0
7818,1
7819,1
7820,1
7821,3
7822,2
7823,1
7824,0
7825,0
7826,0
7827,2
7828,2
7829,0
7830,0
7831,1
7832,0
7833,0
7834,1
7835,2
7836,1
7837,0
7838,2
7839,1
7840,0
7841,1
7842,2
7843,0
7844,0
7845,1
7846,0
7847,2
7848,0
7849,0
7850,0
7851,0
7852,1
7853,2
7854,1
7855,0
7856,0
7857,0
7858,0
7859,1
7860,0
7861,1
7862,0
7863,1
7864,0
7865,0
7866,0
7867,1
7868,1
7869,0
7870,0
7871,1
7872,1
7873,1
7874,0
7875,0
7876,0
7877,0
7878,1
7879,0
7880,3
7881,0
7882,0
7883,0
7884,1
7885,1
7886,2
7887,0
7888,1
7889,0
7890,0
7891,1
7892,1
7893,0
7894,1
7895,1
7896,0
7897,1
7898,2
7899,1
7900,1
7901,0
7902,0
7903,2
7904,0
7905,1
7906,1
7907,1
7908,0
7909,1
7910,0
7911,2
7912,0
7913,0
7914,3
7915,0
7916,1
7917,0
7918,1
7919,0
7920,0
7921,0
7922,1
7923,0
7924,0
7925,0
7926,1
7927,1
7928,1
7929,0
7930,2
7931,2
7932,2
7933,1
7934,0
7935,2
7936,0
7937,1
7938,0
7939,1
7940,1
7941,1
7942,0
7943,2
7944,0
7945,1
7946,1
7947,1
7948,1
7949,1
7950,1
7951,0
7952,0
7953,1
7954,3
7955,0
7956,2
7957,0
7958,1
7959,1
7960,0
7961,2
7962,0
7963,1
7964,2
7965,2
7966,0
7967,0
7968,3
7969,2
7970,2
7971,1
7972,1
7973,0
7974,0
7975,1
7976,0
7977,0
7978,0
7979,1
7980,0
7981,2
7982,0
7983,0
7984,0
7985,1
7986,1
7987,0
7988,0
7989,0
7990,0
7991,0
7992,0
7993,0
7994,0
7995,0
7996,1
7997,0
7998,1
7999,1
8000,0
8001,1
8002,0
8003,0
8004,0
8005,0
8006,1
8007,0
8008,0
8009,0
8010,0
8011,0
8012,0
8013,1
8014,1
8015,0
8016,0
8017,0
8018,0
8019,1
8020,1
8021,0
8022,2
8023,1
8024,2
8025,0
8026,1
8027,1
8028,2
8029,0
8030,1
8031,1
8032,0
8033,1
8034,0
8035,2
8036,1
8037,1
8038,0
8039,2
8040,0
8041,0
8042,0
8043,2
8044,1
8045,0
8046,0
8047,1
8048,1
8049,0
8050,0
8051,2
8052,0
8053,0
8054,1
8055,1
8056,2
8057,1
8058,1
8059,2
8060,0
8061,2
8062,0
8063,1
8064,1
8065,2
8066,2
8067,0
8068,0
8069,2
8070,0
8071,0
8072,0
8073,0
8074,1
8075,0
8076,1
8077,1
8078,1
8079,0
8080,0
8081,0
8082,1
8083,0
8084,2
8085,1
8086,1
8087,0
8088,2
8089,0
8090,0
8091,0
8092,1
8093,0
8094,1
8095,0
8096,0
8097,1
8098,1
8099,3
8100,0
8101,1
8102,0
8103,0
8104,0
8105,0
8106,0
8107,0
8108,0
8109,0
8110,0
8111,0
8112,0
8113,0
8114,0
8115,0
8116,1
8117,1
8118,1
8119,0
8120,0
8121,0
8122,1
8123,0
8124,1
8125,0
8126,1
8127,0
8128,0
8129,0
8130,0
8131,0
8132,0
8133,0
8134,1
8135,2
8136,1
8137,2
8138,0
8139,0
8140,0
8141,0
8142,0
8143,0
8144,0
8145,0
8146,1
8147,0
8148,0
8149,1
8150,0
8151,2
8152,2
8153,0
8154,2
8155,0
8156,3
8157,1
8158,0
8159,2
8160,1
8161,0
8162,1
8163,1
8164,0
8165,2
8166,2
8167,1
8168,1
8169,0
8170,1
8171,1
8172,0
8173,1
8174,2
8175,0
8176,1
8177,0
8178,1
8179,0
8180,0
8181,1
8182,0
8183,1
8184,0
8185,2
8186,1
8187,1
8188,1
8189,0
8190,3
8191,2
